<?xml version="1.0"?>
<doc>
    <assembly>
        <name>Skybrud.Social.Meetup</name>
    </assembly>
    <members>
        <member name="T:Skybrud.Social.Meetup.Endpoints.MeetupEventsEndpoint">
            <summary>
            Implementation of the <strong>Events</strong> endpoint.
            </summary>
        </member>
        <member name="P:Skybrud.Social.Meetup.Endpoints.MeetupEventsEndpoint.Service">
            <summary>
            Gets a reference to the parent service.
            </summary>
        </member>
        <member name="P:Skybrud.Social.Meetup.Endpoints.MeetupEventsEndpoint.Raw">
            <summary>
            Gets a reference to the raw endpoint.
            </summary>
        </member>
        <member name="M:Skybrud.Social.Meetup.Endpoints.MeetupEventsEndpoint.GetEvent(System.String,System.String)">
            <summary>
            Gets information about the event matching the specified group <paramref name="urlname"/> and <paramref name="eventId"/>.
            </summary>
            <param name="urlname">The URL name/slug of the parent group.</param>
            <param name="eventId">The ID of the event.</param>
            <returns>An instance of <see cref="T:Skybrud.Social.Meetup.Responses.Events.MeetupGetEventResponse"/> representing the response.</returns>
        </member>
        <member name="M:Skybrud.Social.Meetup.Endpoints.MeetupEventsEndpoint.GetEvents(System.String)">
            <summary>
            Gets a list of events of the group with the specified <paramref name="urlname"/>.
            </summary>
            <param name="urlname">The URL name/slug of the group.</param>
            <returns>An instance of <see cref="T:Skybrud.Social.Meetup.Responses.Events.MeetupGetEventsResponse"/> representing the response.</returns>
        </member>
        <member name="M:Skybrud.Social.Meetup.Endpoints.MeetupEventsEndpoint.GetEvents(Skybrud.Social.Meetup.Options.Events.MeetupGetEventsOptions)">
            <summary>
            Gets a list of events of the group matching the specified <paramref name="options"/>.
            </summary>
            <param name="options">The options for the request to the API.</param>
            <returns>An instance of <see cref="T:Skybrud.Social.Meetup.Responses.Events.MeetupGetEventsResponse"/> representing the response.</returns>
        </member>
        <member name="T:Skybrud.Social.Meetup.Endpoints.MeetupGroupsEndpoint">
            <summary>
            Implementation of the <strong>Groups</strong> endpoint.
            </summary>
        </member>
        <member name="P:Skybrud.Social.Meetup.Endpoints.MeetupGroupsEndpoint.Service">
            <summary>
            Gets a reference to the parent service.
            </summary>
        </member>
        <member name="P:Skybrud.Social.Meetup.Endpoints.MeetupGroupsEndpoint.Raw">
            <summary>
            Gets a reference to the raw endpoint.
            </summary>
        </member>
        <member name="M:Skybrud.Social.Meetup.Endpoints.MeetupGroupsEndpoint.GetGroup(System.String)">
            <summary>
            Gets information about the group with the specified <paramref name="urlname"/>.
            </summary>
            <param name="urlname">The URL name/slug of the group.</param>
            <returns>An instance of <see cref="T:Skybrud.Social.Meetup.Responses.Groups.MeetupGetGroupResponse"/> representing the response.</returns>
        </member>
        <member name="T:Skybrud.Social.Meetup.Endpoints.MeetupMembersEndpoint">
            <summary>
            Implementation of the <strong>Members</strong> endpoint.
            </summary>
        </member>
        <member name="P:Skybrud.Social.Meetup.Endpoints.MeetupMembersEndpoint.Service">
            <summary>
            Gets a reference to the parent service.
            </summary>
        </member>
        <member name="P:Skybrud.Social.Meetup.Endpoints.MeetupMembersEndpoint.Raw">
            <summary>
            Gets a reference to the raw endpoint.
            </summary>
        </member>
        <member name="M:Skybrud.Social.Meetup.Endpoints.MeetupMembersEndpoint.GetMember">
            <summary>
            Gets information about the authenticated member/user.
            </summary>
            <returns>An instance of <see cref="T:Skybrud.Social.Meetup.Responses.Members.MeetupGetMemberResponse"/> representing the response.</returns>
            <see>
                <cref>https://www.meetup.com/meetup_api/docs/2/member/#get</cref>
            </see>
        </member>
        <member name="M:Skybrud.Social.Meetup.Endpoints.MeetupMembersEndpoint.GetMember(System.Int32)">
            <summary>
            Gets information about the member with the specified <paramref name="memberId"/>.
            </summary>
            <param name="memberId">The ID of the member.</param>
            <returns>An instance of <see cref="T:Skybrud.Social.Meetup.Responses.Members.MeetupGetMemberResponse"/> representing the response.</returns>
            <see>
                <cref>https://www.meetup.com/meetup_api/docs/2/member/#get</cref>
            </see>
        </member>
        <member name="T:Skybrud.Social.Meetup.Endpoints.Raw.MeetupEventsRawEndpoint">
            <summary>
            Class representing the raw implementation of the <strong>Events</strong> endpoint.
            </summary>
        </member>
        <member name="P:Skybrud.Social.Meetup.Endpoints.Raw.MeetupEventsRawEndpoint.Client">
            <summary>
            Gets a reference to the OAuth client.
            </summary>
        </member>
        <member name="M:Skybrud.Social.Meetup.Endpoints.Raw.MeetupEventsRawEndpoint.GetEvent(System.String,System.String)">
            <summary>
            Gets information about the event matching the specified group <paramref name="urlname"/> and <paramref name="eventId"/>.
            </summary>
            <param name="urlname">The URL name of the parent group.</param>
            <param name="eventId">The ID of the event.</param>
            <returns>An instance of <see cref="T:Skybrud.Social.Http.SocialHttpResponse"/> representing the raw response.</returns>
            <see>
                <cref>https://www.meetup.com/meetup_api/docs/:urlname/events/:id/#get</cref>
            </see>
        </member>
        <member name="M:Skybrud.Social.Meetup.Endpoints.Raw.MeetupEventsRawEndpoint.GetEvents(System.String)">
            <summary>
            Gets a list of events of the group with the specified <paramref name="urlname"/>.
            </summary>
            <param name="urlname">The URL name/slug of the parent group.</param>
            <returns>An instance of <see cref="T:Skybrud.Social.Http.SocialHttpResponse"/> representing the raw response.</returns>
            <see>
                <cref>https://www.meetup.com/meetup_api/docs/:urlname/events/#listparams</cref>
                <cref>https://www.meetup.com/meetup_api/docs/:urlname/events/#listresponse</cref>
            </see>
        </member>
        <member name="M:Skybrud.Social.Meetup.Endpoints.Raw.MeetupEventsRawEndpoint.GetEvents(Skybrud.Social.Meetup.Options.Events.MeetupGetEventsOptions)">
            <summary>
            Gets a list of events of the group matching the specified <paramref name="options"/>.
            </summary>
            <param name="options">The options for the request to the API.</param>
            <returns>An instance of <see cref="T:Skybrud.Social.Http.SocialHttpResponse"/> representing the raw response.</returns>
            <see>
                <cref>https://www.meetup.com/meetup_api/docs/:urlname/events/#listparams</cref>
                <cref>https://www.meetup.com/meetup_api/docs/:urlname/events/#listresponse</cref>
            </see>
        </member>
        <member name="T:Skybrud.Social.Meetup.Endpoints.Raw.MeetupGroupsRawEndpoint">
            <summary>
            Class representing the raw implementation of the <strong>Groups</strong> endpoint.
            </summary>
        </member>
        <member name="P:Skybrud.Social.Meetup.Endpoints.Raw.MeetupGroupsRawEndpoint.Client">
            <summary>
            Gets a reference to the OAuth client.
            </summary>
        </member>
        <member name="M:Skybrud.Social.Meetup.Endpoints.Raw.MeetupGroupsRawEndpoint.GetGroup(System.String)">
            <summary>
            Gets information about the group with the specified <paramref name="urlname"/>.
            </summary>
            <param name="urlname">The URL name/slug of the group.</param>
            <returns>An instance of <see cref="T:Skybrud.Social.Http.SocialHttpResponse"/> representing the raw response.</returns>
        </member>
        <member name="M:Skybrud.Social.Meetup.Endpoints.Raw.MeetupGroupsRawEndpoint.GetUserGroups">
            <summary>
            Gets a list of the groups of the authenticated user.
            </summary>
            <returns>An instance of <see cref="T:Skybrud.Social.Http.SocialHttpResponse"/> representing the raw response.</returns>
        </member>
        <member name="T:Skybrud.Social.Meetup.Endpoints.Raw.MeetupMembersRawEndpoint">
            <summary>
            Class representing the raw implementation of the <strong>Members</strong> endpoint.
            </summary>
        </member>
        <member name="P:Skybrud.Social.Meetup.Endpoints.Raw.MeetupMembersRawEndpoint.Client">
            <summary>
            Gets a reference to the OAuth client.
            </summary>
        </member>
        <member name="M:Skybrud.Social.Meetup.Endpoints.Raw.MeetupMembersRawEndpoint.GetMember">
            <summary>
            Gets information about the authenticated member/user.
            </summary>
            <returns>An instance of <see cref="T:Skybrud.Social.Http.SocialHttpResponse"/> representing the raw response.</returns>
            <see>
                <cref>https://www.meetup.com/meetup_api/docs/2/member/#get</cref>
            </see>
        </member>
        <member name="M:Skybrud.Social.Meetup.Endpoints.Raw.MeetupMembersRawEndpoint.GetMember(System.Int32)">
            <summary>
            Gets information about the member with the specified <paramref name="memberId"/>.
            </summary>
            <param name="memberId">The ID of the member.</param>
            <returns>An instance of <see cref="T:Skybrud.Social.Http.SocialHttpResponse"/> representing the raw response.</returns>
            <see>
                <cref>https://www.meetup.com/meetup_api/docs/2/member/#get</cref>
            </see>
        </member>
        <member name="T:Skybrud.Social.Meetup.Exceptions.MeetupHttpException">
            <summary>
            Class representing an exception/error returned by the Meetup API.
            </summary>
        </member>
        <member name="P:Skybrud.Social.Meetup.Exceptions.MeetupHttpException.Response">
            <summary>
            Gets a reference to the underlying <see cref="T:Skybrud.Social.Http.SocialHttpResponse"/>.
            </summary>
        </member>
        <member name="P:Skybrud.Social.Meetup.Exceptions.MeetupHttpException.Details">
            <summary>
            Gets the details of the error, or <c>null</c> if not present.
            </summary>
        </member>
        <member name="P:Skybrud.Social.Meetup.Exceptions.MeetupHttpException.Code">
            <summary>
            Gets the code of the error, or <c>null</c> if not present.
            </summary>
        </member>
        <member name="P:Skybrud.Social.Meetup.Exceptions.MeetupHttpException.Problem">
            <summary>
            Gets the problem of the error, or <c>null</c> if not present.
            </summary>
        </member>
        <member name="M:Skybrud.Social.Meetup.Exceptions.MeetupHttpException.#ctor(Skybrud.Social.Http.SocialHttpResponse)">
            <summary>
            Initializes a new exception based on the specified <paramref name="response"/>.
            </summary>
            <param name="response">The instance of <see cref="T:Skybrud.Social.Http.SocialHttpResponse"/> representing the raw response.</param>
        </member>
        <member name="T:Skybrud.Social.Meetup.Exceptions.MeetupOAuthException">
            <summary>
            Class representing an OAUth related exception/error returned by the Meetup API.
            </summary>
        </member>
        <member name="M:Skybrud.Social.Meetup.Exceptions.MeetupOAuthException.#ctor(Skybrud.Social.Http.SocialHttpResponse)">
            <summary>
            Initializes a new exception based on the specified <paramref name="response"/>.
            </summary>
            <param name="response">The instance of <see cref="T:Skybrud.Social.Http.SocialHttpResponse"/> representing the raw response.</param>
        </member>
        <member name="T:Skybrud.Social.Meetup.MeetupService">
            <summary>
            Class working as an entry point to the Meetup API.
            </summary>
            <example>
            Initializing a new instance for public API access (no authentication):
            <code>
            MeetupService meetup = new MeetupService();
            </code>
            </example>
            <example>
            If you already have an OAuth 2.0 access token you wish to use for authentication, you can instead use the
            static <see cref="M:Skybrud.Social.Meetup.MeetupService.CreateFromAccessToken(System.String)"/> method. Alternatively, if you have an API key instead, you can use
            the <see cref="M:Skybrud.Social.Meetup.MeetupService.CreateFromApiKey(System.String)"/> instead:
            <code>
            MeetupService meetup1 = MeetupService.CreateFromAccessToken("your access token");
            
            MeetupService meetup2 = MeetupService.CreateFromAccessToken("your API key");
            </code>
            </example>
            <example>
            If you wish to use OAuth 1.0a, you can configure an instance of <see cref="T:Skybrud.Social.Meetup.OAuth.MeetupOAuthClient"/>, and then pass
            it along to the <see cref="M:Skybrud.Social.Meetup.MeetupService.CreateFromOAuthClient(Skybrud.Social.Meetup.OAuth.IMeetupOAuthClient)"/> method:
            
            <code>
            MeetupOAuthClient client = new MeetupOAuthClient("Your consumer key", "Your consumer key", "The access token of the user", "The access token secret of the user");
            
            MeetupService meetup = MeetupService.GetFromOAuthClient(client);
            </code>
            </example>
        </member>
        <member name="P:Skybrud.Social.Meetup.MeetupService.Client">
            <summary>
            Gets a reference to the internal OAuth client for communication with the Meetup API.
            </summary>
        </member>
        <member name="P:Skybrud.Social.Meetup.MeetupService.Events">
            <summary>
            Gets a reference to the raw <strong>Events</strong> endpoint.
            </summary>
        </member>
        <member name="P:Skybrud.Social.Meetup.MeetupService.Groups">
            <summary>
            Gets a reference to the raw <strong>Groups</strong> endpoint.
            </summary>
        </member>
        <member name="M:Skybrud.Social.Meetup.MeetupService.#ctor">
            <summary>
            Initializes a new instance with default settings.
            </summary>
        </member>
        <member name="M:Skybrud.Social.Meetup.MeetupService.CreateFromOAuthClient(Skybrud.Social.Meetup.OAuth.IMeetupOAuthClient)">
            <summary>
            Initializes a new service based on the specified <paramref name="client"/>.
            </summary>
            <param name="client">The OAuth client to use.</param>
        </member>
        <member name="M:Skybrud.Social.Meetup.MeetupService.CreateFromAccessToken(System.String)">
            <summary>
            Initializes a new service based on the specified <strong>OAuth 2.0</strong> <paramref name="accessToken"/>.
            </summary>
            <param name="accessToken">The <strong>OAuth 2.0</strong> access token.</param>
        </member>
        <member name="M:Skybrud.Social.Meetup.MeetupService.CreateFromApiKey(System.String)">
            <summary>
            Initializes a new service based on the specified <paramref name="apiKey"/>.
            </summary>
            <param name="apiKey">The API key.</param>
        </member>
        <member name="T:Skybrud.Social.Meetup.Models.Authentication.MeetupToken">
            <summary>
            Class describing an access token received from the Meetup API.
            </summary>
        </member>
        <member name="P:Skybrud.Social.Meetup.Models.Authentication.MeetupToken.AccessToken">
            <summary>
            Gets the token of the authenticated user.
            </summary>
        </member>
        <member name="P:Skybrud.Social.Meetup.Models.Authentication.MeetupToken.RefreshToken">
            <summary>
            Gets a refresh token that can be used to obtain a new access tokens. Refresh tokens are valid until the
            user revokes access.
            </summary>
        </member>
        <member name="P:Skybrud.Social.Meetup.Models.Authentication.MeetupToken.TokenType">
            <summary>
            Gets the type of the access token.
            </summary>
        </member>
        <member name="P:Skybrud.Social.Meetup.Models.Authentication.MeetupToken.ExpiresIn">
            <summary>
            Gets the remaining lifetime on the access token.
            </summary>
        </member>
        <member name="M:Skybrud.Social.Meetup.Models.Authentication.MeetupToken.Parse(Newtonsoft.Json.Linq.JObject)">
            <summary>
            Parses the specified <paramref name="obj"/> into an instance of <see cref="T:Skybrud.Social.Meetup.Models.Authentication.MeetupToken"/>.
            </summary>
            <param name="obj">The instance of <see cref="T:Newtonsoft.Json.Linq.JObject"/> to be parsed.</param>
            <returns>An instance of <see cref="T:Skybrud.Social.Meetup.Models.Authentication.MeetupToken"/>.</returns>
        </member>
        <member name="T:Skybrud.Social.Meetup.Models.Events.MeetupEvent">
            <summary>
            Class representing a Meetup.com event.
            </summary>
            <see>
                <cref>https://www.meetup.com/meetup_api/docs/:urlname/events/:id/#get</cref>
            </see>
        </member>
        <member name="P:Skybrud.Social.Meetup.Models.Events.MeetupEvent.Created">
            <summary>
            Gets a timestamp for when the event was created.
            </summary>
        </member>
        <member name="P:Skybrud.Social.Meetup.Models.Events.MeetupEvent.Id">
            <summary>
            Gets the ID of the event.
            </summary>
        </member>
        <member name="P:Skybrud.Social.Meetup.Models.Events.MeetupEvent.Name">
            <summary>
            Gets the name of the event.
            </summary>
        </member>
        <member name="P:Skybrud.Social.Meetup.Models.Events.MeetupEvent.Time">
            <summary>
            Gets the start time of the event.
            </summary>
        </member>
        <member name="P:Skybrud.Social.Meetup.Models.Events.MeetupEvent.Updated">
            <summary>
            Gets a timestamp for when the event was last modified.
            </summary>
        </member>
        <member name="P:Skybrud.Social.Meetup.Models.Events.MeetupEvent.Group">
            <summary>
            Gets a reference to the group hosting the event.
            </summary>
        </member>
        <member name="P:Skybrud.Social.Meetup.Models.Events.MeetupEvent.Venue">
            <summary>
            Gets a refence to the venue of the meetup. Use <see cref="P:Skybrud.Social.Meetup.Models.Events.MeetupEvent.HasVenue"/> to check whether the event has a venue.
            </summary>
        </member>
        <member name="P:Skybrud.Social.Meetup.Models.Events.MeetupEvent.HasVenue">
            <summary>
            Gets whether the event has a venue.
            </summary>
        </member>
        <member name="P:Skybrud.Social.Meetup.Models.Events.MeetupEvent.Link">
            <summary>
            Gets the URL of the event at the Meetup.com website.
            </summary>
        </member>
        <member name="P:Skybrud.Social.Meetup.Models.Events.MeetupEvent.Description">
            <summary>
            Gets the description of the event in HTML. Email addresses and phone numbers will be masked for non-members.
            </summary>
        </member>
        <member name="P:Skybrud.Social.Meetup.Models.Events.MeetupEvent.Visibility">
            <summary>
            Gets the visibility of the event.
            </summary>
        </member>
        <member name="M:Skybrud.Social.Meetup.Models.Events.MeetupEvent.Parse(Newtonsoft.Json.Linq.JObject)">
            <summary>
            Parses the specified <paramref name="obj"/> into an instance of <see cref="T:Skybrud.Social.Meetup.Models.Events.MeetupEvent"/>.
            </summary>
            <param name="obj">The instance of <see cref="T:Newtonsoft.Json.Linq.JObject"/> to be parsed.</param>
            <returns>An instance of <see cref="T:Skybrud.Social.Meetup.Models.Events.MeetupEvent"/>.</returns>
        </member>
        <member name="T:Skybrud.Social.Meetup.Models.Events.MeetupEventVisibility">
            <summary>
            Enum class representing the visibility of an event. <see cref="F:Skybrud.Social.Meetup.Models.Events.MeetupEventVisibility.Unspecified"/> indicates
            that the visibility wasn't part of the response from the API.
            </summary>
        </member>
        <member name="F:Skybrud.Social.Meetup.Models.Events.MeetupEventVisibility.Unspecified">
            <summary>
            Indicates that the visibility wasn't returned by the API.
            </summary>
        </member>
        <member name="F:Skybrud.Social.Meetup.Models.Events.MeetupEventVisibility.Public">
            <summary>
            Indicates that the event is public.
            </summary>
        </member>
        <member name="F:Skybrud.Social.Meetup.Models.Events.MeetupEventVisibility.PublicLimited">
            <summary>
            Indicates that the event only has limited visibility to the public.
            </summary>
        </member>
        <member name="F:Skybrud.Social.Meetup.Models.Events.MeetupEventVisibility.Members">
            <summary>
            Indicates that the event is only visible to members.
            </summary>
        </member>
        <member name="T:Skybrud.Social.Meetup.Models.Groups.MeetupGroup">
            <summary>
            Class representing a Meetup.com group.
            </summary>
            <see>
                <cref>https://www.meetup.com/meetup_api/docs/:urlname/#get</cref>
            </see>
        </member>
        <member name="P:Skybrud.Social.Meetup.Models.Groups.MeetupGroup.Id">
            <summary>
            Gets the numeric ID of the group.
            </summary>
        </member>
        <member name="P:Skybrud.Social.Meetup.Models.Groups.MeetupGroup.Name">
            <summary>
            Gets the name of the group.
            </summary>
        </member>
        <member name="P:Skybrud.Social.Meetup.Models.Groups.MeetupGroup.Link">
            <summary>
            Gets the URL of the page about the group at meetup.com.
            </summary>
        </member>
        <member name="P:Skybrud.Social.Meetup.Models.Groups.MeetupGroup.UrlName">
            <summary>
            Gets the URL name/slug of the group.
            </summary>
        </member>
        <member name="P:Skybrud.Social.Meetup.Models.Groups.MeetupGroup.Description">
            <summary>
            Gets a short description about the group.
            </summary>
        </member>
        <member name="P:Skybrud.Social.Meetup.Models.Groups.MeetupGroup.Latitude">
            <summary>
            The latitude of the group.
            </summary>
        </member>
        <member name="P:Skybrud.Social.Meetup.Models.Groups.MeetupGroup.Longitude">
            <summary>
            The longitude of the group.
            </summary>
        </member>
        <member name="P:Skybrud.Social.Meetup.Models.Groups.MeetupGroup.NextEvent">
            <summary>
            Gets the next event of the group, or <c>null</c> if there are no upcoming events.
            </summary>
        </member>
        <member name="P:Skybrud.Social.Meetup.Models.Groups.MeetupGroup.HasNextEvent">
            <summary>
            Gets whether group has an upcoming event.
            </summary>
        </member>
        <member name="P:Skybrud.Social.Meetup.Models.Groups.MeetupGroup.GroupPhoto">
            <summary>
            Gets the group photo of the group.
            </summary>
        </member>
        <member name="P:Skybrud.Social.Meetup.Models.Groups.MeetupGroup.HasGroupPhoto">
            <summary>
            Gets whether the group has a group photo.
            </summary>
        </member>
        <member name="P:Skybrud.Social.Meetup.Models.Groups.MeetupGroup.KeyPhoto">
            <summary>
            Gets the primary photo of the group.
            </summary>
        </member>
        <member name="P:Skybrud.Social.Meetup.Models.Groups.MeetupGroup.HasKeyPhoto">
            <summary>
            Gets whether the group has a key photo.
            </summary>
        </member>
        <member name="M:Skybrud.Social.Meetup.Models.Groups.MeetupGroup.Parse(Newtonsoft.Json.Linq.JObject)">
            <summary>
            Parses the specified <paramref name="obj"/> into an instance of <see cref="T:Skybrud.Social.Meetup.Models.Groups.MeetupGroup"/>.
            </summary>
            <param name="obj">The instance of <see cref="T:Newtonsoft.Json.Linq.JObject"/> to be parsed.</param>
            <returns>An instance of <see cref="T:Skybrud.Social.Meetup.Models.Groups.MeetupGroup"/>.</returns>
        </member>
        <member name="T:Skybrud.Social.Meetup.Models.Groups.MeetupGroupPhoto">
            <summary>
            Class representing a photo of a group.
            </summary>
        </member>
        <member name="P:Skybrud.Social.Meetup.Models.Groups.MeetupGroupPhoto.Id">
            <summary>
            Gets the numeric ID of the photo.
            </summary>
        </member>
        <member name="P:Skybrud.Social.Meetup.Models.Groups.MeetupGroupPhoto.HighresLink">
            <summary>
            Gets the URL for a full sized version of the photo.
            </summary>
        </member>
        <member name="P:Skybrud.Social.Meetup.Models.Groups.MeetupGroupPhoto.PhotoLink">
            <summary>
            Gets the URL for a standard sized version of the photo.
            </summary>
        </member>
        <member name="P:Skybrud.Social.Meetup.Models.Groups.MeetupGroupPhoto.ThumbLink">
            <summary>
            Gets the URL for a thumbnail sized version of the photo.
            </summary>
        </member>
        <member name="P:Skybrud.Social.Meetup.Models.Groups.MeetupGroupPhoto.Type">
            <summary>
            Gets the type of the photo.
            </summary>
        </member>
        <member name="P:Skybrud.Social.Meetup.Models.Groups.MeetupGroupPhoto.BaseUrl">
            <summary>
            Gets a base url that can be use to construct a photo url from its components.
            </summary>
        </member>
        <member name="M:Skybrud.Social.Meetup.Models.Groups.MeetupGroupPhoto.Parse(Newtonsoft.Json.Linq.JObject)">
            <summary>
            Parses the specified <paramref name="obj"/> into an instance of <see cref="T:Skybrud.Social.Meetup.Models.Groups.MeetupGroupPhoto"/>.
            </summary>
            <param name="obj">The instance of <see cref="T:Newtonsoft.Json.Linq.JObject"/> to be parsed.</param>
            <returns>An instance of <see cref="T:Skybrud.Social.Meetup.Models.Groups.MeetupGroupPhoto"/>.</returns>
        </member>
        <member name="T:Skybrud.Social.Meetup.Models.Groups.MeetupGroupPhotoType">
            <summary>
            Enum class representing the type of a group photo.
            </summary>
        </member>
        <member name="T:Skybrud.Social.Meetup.Models.MeetupGender">
            <summary>
            Enum class representing the gender of a Meetup member.
            </summary>
        </member>
        <member name="F:Skybrud.Social.Meetup.Models.MeetupGender.None">
            <summary>
            Indicates that a gender hasn't been specified (or wasn't returned by the API).
            </summary>
        </member>
        <member name="F:Skybrud.Social.Meetup.Models.MeetupGender.Female">
            <summary>
            Indicates that the member is female.
            </summary>
        </member>
        <member name="F:Skybrud.Social.Meetup.Models.MeetupGender.Male">
            <summary>
            Indicates that the member is male.
            </summary>
        </member>
        <member name="F:Skybrud.Social.Meetup.Models.MeetupGender.Other">
            <summary>
            Indicates that the member is of another gender.
            </summary>
        </member>
        <member name="T:Skybrud.Social.Meetup.Models.MeetupObject">
            <summary>
            Class representing an object received from the Meetup API.
            </summary>
        </member>
        <member name="M:Skybrud.Social.Meetup.Models.MeetupObject.#ctor(Newtonsoft.Json.Linq.JObject)">
            <summary>
            Initializes a new instance from the specified <paramref name="obj"/>.
            </summary>
            <param name="obj">The instance of <see cref="T:Newtonsoft.Json.Linq.JObject"/> representing the object.</param>
        </member>
        <member name="M:Skybrud.Social.Meetup.Models.MeetupObject.ParseUnixTimestamp(System.Int64)">
            <summary>
            Parses the specified millisecond UNIX timestamp into an instance of <see cref="T:Skybrud.Essentials.Time.EssentialsDateTime"/>.
            </summary>
            <param name="timestamp">The timestamp to be parsed.</param>
            <returns>An instance of <see cref="T:Skybrud.Essentials.Time.EssentialsDateTime"/>.</returns>
        </member>
        <member name="T:Skybrud.Social.Meetup.Models.Members.MeetupMember">
            <summary>
            Class representing a Meetup member.
            </summary>
        </member>
        <member name="P:Skybrud.Social.Meetup.Models.Members.MeetupMember.Bio">
            <summary>
            Gets the bio of the member. Use <see cref="P:Skybrud.Social.Meetup.Models.Members.MeetupMember.HasBio"/> to check whether the member has specified a bio.
            </summary>
        </member>
        <member name="P:Skybrud.Social.Meetup.Models.Members.MeetupMember.HasBio">
            <summary>
            Gets whether the member has specified a bio.
            </summary>
        </member>
        <member name="P:Skybrud.Social.Meetup.Models.Members.MeetupMember.Birthday">
            <summary>
            Gets the birthday of the member, or <c>null</c> if not specified. Use <see cref="P:Skybrud.Social.Meetup.Models.Members.MeetupMember.HasBirthday"/> to check
            whether the member has specified a bio.
            </summary>
        </member>
        <member name="P:Skybrud.Social.Meetup.Models.Members.MeetupMember.HasBirthday">
            <summary>
            Gets whether the member has specified a birthday.
            </summary>
        </member>
        <member name="P:Skybrud.Social.Meetup.Models.Members.MeetupMember.Country">
            <summary>
            Gets the country of the member.
            </summary>
        </member>
        <member name="P:Skybrud.Social.Meetup.Models.Members.MeetupMember.City">
            <summary>
            Gets the city of the member.
            </summary>
        </member>
        <member name="P:Skybrud.Social.Meetup.Models.Members.MeetupMember.State">
            <summary>
            Gets the state of the member.
            </summary>
        </member>
        <member name="P:Skybrud.Social.Meetup.Models.Members.MeetupMember.Gender">
            <summary>
            Gets the gender of the member.
            </summary>
        </member>
        <member name="P:Skybrud.Social.Meetup.Models.Members.MeetupMember.HasGender">
            <summary>
            Gets whether the member has specified a gender.
            </summary>
        </member>
        <member name="P:Skybrud.Social.Meetup.Models.Members.MeetupMember.Hometown">
            <summary>
            Gets the hometown of the member.
            </summary>
        </member>
        <member name="P:Skybrud.Social.Meetup.Models.Members.MeetupMember.Id">
            <summary>
            Gets the ID of the member.
            </summary>
        </member>
        <member name="P:Skybrud.Social.Meetup.Models.Members.MeetupMember.Joined">
            <summary>
            Gets a timestamp for when the member joined Meetup.
            </summary>
        </member>
        <member name="P:Skybrud.Social.Meetup.Models.Members.MeetupMember.Language">
            <summary>
            Gets the language of the member.
            </summary>
        </member>
        <member name="P:Skybrud.Social.Meetup.Models.Members.MeetupMember.Latitude">
            <summary>
            Gets the latitude of the member.
            </summary>
        </member>
        <member name="P:Skybrud.Social.Meetup.Models.Members.MeetupMember.Longitude">
            <summary>
            Gets the longitude of the member.
            </summary>
        </member>
        <member name="P:Skybrud.Social.Meetup.Models.Members.MeetupMember.Link">
            <summary>
            Gets the URL of the member at the Meetup.com website.
            </summary>
        </member>
        <member name="P:Skybrud.Social.Meetup.Models.Members.MeetupMember.Name">
            <summary>
            Gets the name of the member.
            </summary>
        </member>
        <member name="P:Skybrud.Social.Meetup.Models.Members.MeetupMember.Topics">
            <summary>
            Gets an array of the topics of the member.
            </summary>
        </member>
        <member name="M:Skybrud.Social.Meetup.Models.Members.MeetupMember.Parse(Newtonsoft.Json.Linq.JObject)">
            <summary>
            Parses the specified <paramref name="obj"/> into an instance of <see cref="T:Skybrud.Social.Meetup.Models.Members.MeetupMember"/>.
            </summary>
            <param name="obj">The instance of <see cref="T:Newtonsoft.Json.Linq.JObject"/> to be parsed.</param>
            <returns>An instance of <see cref="T:Skybrud.Social.Meetup.Models.Members.MeetupMember"/>.</returns>
        </member>
        <member name="T:Skybrud.Social.Meetup.Models.Members.MeetupMemberBirthday">
            <summary>
            Class representing the birthday of a member.
            </summary>
        </member>
        <member name="P:Skybrud.Social.Meetup.Models.Members.MeetupMemberBirthday.Day">
            <summary>
            Gets the day of the month.
            </summary>
        </member>
        <member name="P:Skybrud.Social.Meetup.Models.Members.MeetupMemberBirthday.Month">
            <summary>
            Gets the month.
            </summary>
        </member>
        <member name="P:Skybrud.Social.Meetup.Models.Members.MeetupMemberBirthday.Year">
            <summary>
            Gets the year.
            </summary>
        </member>
        <member name="M:Skybrud.Social.Meetup.Models.Members.MeetupMemberBirthday.Parse(Newtonsoft.Json.Linq.JObject)">
            <summary>
            Parses the specified <paramref name="obj"/> into an instance of <see cref="T:Skybrud.Social.Meetup.Models.Members.MeetupMemberBirthday"/>.
            </summary>
            <param name="obj">The instance of <see cref="T:Newtonsoft.Json.Linq.JObject"/> to be parsed.</param>
            <returns>An instance of <see cref="T:Skybrud.Social.Meetup.Models.Members.MeetupMemberBirthday"/>.</returns>
        </member>
        <member name="T:Skybrud.Social.Meetup.Models.Members.MeetupMemberTopic">
            <summary>
            Class representing a topic of a <see cref="T:Skybrud.Social.Meetup.Models.Members.MeetupMember"/>.
            </summary>
        </member>
        <member name="P:Skybrud.Social.Meetup.Models.Members.MeetupMemberTopic.UrlKey">
            <summary>
            Gets the URL key of the topic.
            </summary>
        </member>
        <member name="P:Skybrud.Social.Meetup.Models.Members.MeetupMemberTopic.Name">
            <summary>
            Gets the name of the topic.
            </summary>
        </member>
        <member name="P:Skybrud.Social.Meetup.Models.Members.MeetupMemberTopic.Id">
            <summary>
            Gets the ID of the topic.
            </summary>
        </member>
        <member name="M:Skybrud.Social.Meetup.Models.Members.MeetupMemberTopic.Parse(Newtonsoft.Json.Linq.JObject)">
            <summary>
            Parses the specified <paramref name="obj"/> into an instance of <see cref="T:Skybrud.Social.Meetup.Models.Members.MeetupMemberTopic"/>.
            </summary>
            <param name="obj">The instance of <see cref="T:Newtonsoft.Json.Linq.JObject"/> to be parsed.</param>
            <returns>An instance of <see cref="T:Skybrud.Social.Meetup.Models.Members.MeetupMemberTopic"/>.</returns>
        </member>
        <member name="T:Skybrud.Social.Meetup.Models.Venues.MeetupVenue">
            <summary>
            Class describing a venue of an event.
            </summary>
        </member>
        <member name="P:Skybrud.Social.Meetup.Models.Venues.MeetupVenue.Id">
            <summary>
            Gets the numeric ID of the venue.
            </summary>
        </member>
        <member name="P:Skybrud.Social.Meetup.Models.Venues.MeetupVenue.Name">
            <summary>
            Gets the name of the venue.
            </summary>
        </member>
        <member name="P:Skybrud.Social.Meetup.Models.Venues.MeetupVenue.Latitude">
            <summary>
            Gets the latitude of the event.
            </summary>
        </member>
        <member name="P:Skybrud.Social.Meetup.Models.Venues.MeetupVenue.Longitude">
            <summary>
            Gets the longitude of the event.
            </summary>
        </member>
        <member name="P:Skybrud.Social.Meetup.Models.Venues.MeetupVenue.Address1">
            <summary>
            Gets the first line of the address of the venue.
            </summary>
        </member>
        <member name="P:Skybrud.Social.Meetup.Models.Venues.MeetupVenue.Address2">
            <summary>
            Gets the second line of the address of the venue.
            </summary>
        </member>
        <member name="P:Skybrud.Social.Meetup.Models.Venues.MeetupVenue.Address3">
            <summary>
            Gets the third line of the address of the venue.
            </summary>
        </member>
        <member name="P:Skybrud.Social.Meetup.Models.Venues.MeetupVenue.City">
            <summary>
            Gets the city of the venue.
            </summary>
        </member>
        <member name="P:Skybrud.Social.Meetup.Models.Venues.MeetupVenue.Country">
            <summary>
            Gets the country of the venue.
            </summary>
        </member>
        <member name="P:Skybrud.Social.Meetup.Models.Venues.MeetupVenue.LocalizedCountryName">
            <summary>
            Gets localized country name of the venue.
            </summary>
        </member>
        <member name="M:Skybrud.Social.Meetup.Models.Venues.MeetupVenue.Parse(Newtonsoft.Json.Linq.JObject)">
            <summary>
            Parses the specified <paramref name="obj"/> into an instance of <see cref="T:Skybrud.Social.Meetup.Models.Venues.MeetupVenue"/>.
            </summary>
            <param name="obj">The instance of <see cref="T:Newtonsoft.Json.Linq.JObject"/> to be parsed.</param>
            <returns>An instance of <see cref="T:Skybrud.Social.Meetup.Models.Venues.MeetupVenue"/>.</returns>
        </member>
        <member name="T:Skybrud.Social.Meetup.OAuth.IMeetupOAuthClient">
            <summary>
            Interface descriting a HTTP client used for communication with the Meetup API. Native implementations within
            <strong>Skybrud.Social.Meetup</strong> are <see cref="T:Skybrud.Social.Meetup.OAuth.MeetupOAuthClient"/> for OAuth 1.0a and
            <see cref="T:Skybrud.Social.Meetup.OAuth.MeetupOAuth2Client"/> for OAuth 2.0 respectively.
            </summary>
        </member>
        <member name="P:Skybrud.Social.Meetup.OAuth.IMeetupOAuthClient.Events">
            <summary>
            Gets a reference to the raw <strong>Events</strong> endpoint.
            </summary>
        </member>
        <member name="P:Skybrud.Social.Meetup.OAuth.IMeetupOAuthClient.Groups">
            <summary>
            Gets a reference to the raw <strong>Groups</strong> endpoint.
            </summary>
        </member>
        <member name="P:Skybrud.Social.Meetup.OAuth.IMeetupOAuthClient.Members">
            <summary>
            Gets a reference to the raw <strong>Members</strong> endpoint.
            </summary>
        </member>
        <member name="T:Skybrud.Social.Meetup.OAuth.MeetupOAuth2Client">
            <summary>
            OAuth 2.0 client for the Meetup.com API.
            </summary>
        </member>
        <member name="P:Skybrud.Social.Meetup.OAuth.MeetupOAuth2Client.ClientId">
            <summary>
            Gets or sets the client ID of the app.
            </summary>
        </member>
        <member name="P:Skybrud.Social.Meetup.OAuth.MeetupOAuth2Client.ClientSecret">
            <summary>
            Gets or sets the client secret of the app.
            </summary>
        </member>
        <member name="P:Skybrud.Social.Meetup.OAuth.MeetupOAuth2Client.RedirectUri">
            <summary>
            Gets or sets the redirect URI of your application.
            </summary>
        </member>
        <member name="P:Skybrud.Social.Meetup.OAuth.MeetupOAuth2Client.AccessToken">
            <summary>
            Gets or sets the access token.
            </summary>
        </member>
        <member name="P:Skybrud.Social.Meetup.OAuth.MeetupOAuth2Client.Events">
            <summary>
            Gets a reference to the raw <strong>Events</strong> endpoint.
            </summary>
        </member>
        <member name="P:Skybrud.Social.Meetup.OAuth.MeetupOAuth2Client.Groups">
            <summary>
            Gets a reference to the raw <strong>Groups</strong> endpoint.
            </summary>
        </member>
        <member name="P:Skybrud.Social.Meetup.OAuth.MeetupOAuth2Client.Members">
            <summary>
            Gets a reference to the raw <strong>Members</strong> endpoint.
            </summary>
        </member>
        <member name="P:Skybrud.Social.Meetup.OAuth.MeetupOAuth2Client.ApiKey">
            <summary>
            Gets or sets the API key.
            </summary>
        </member>
        <member name="M:Skybrud.Social.Meetup.OAuth.MeetupOAuth2Client.#ctor">
            <summary>
            Initializes a new instance with default options.
            </summary>
        </member>
        <member name="M:Skybrud.Social.Meetup.OAuth.MeetupOAuth2Client.GetAuthorizationUrl(System.String)">
            <summary>
            Generates the authorization URL using the specified <paramref name="state"/> and the default scope.
            </summary>
            <param name="state">The state to send to Meetups's OAuth login page.</param>
            <returns>An authorization URL based on <paramref name="state"/>.</returns>
        </member>
        <member name="M:Skybrud.Social.Meetup.OAuth.MeetupOAuth2Client.GetAuthorizationUrl(System.String,Skybrud.Social.Meetup.Scopes.MeetupScopeCollection)">
            <summary>
            Generates the authorization URL using the specified <paramref name="state"/> and <paramref name="scope"/>.
            </summary>
            <param name="state">The state to send to Meetups's OAuth login page.</param>
            <param name="scope">The scope of the application.</param>
            <returns>An authorization URL based on <paramref name="state"/> and <paramref name="scope"/>.</returns>
        </member>
        <member name="M:Skybrud.Social.Meetup.OAuth.MeetupOAuth2Client.GetAuthorizationUrl(System.String,System.String[])">
            <summary>
            Generates the authorization URL using the specified <paramref name="state"/> and <paramref name="scope"/>.
            </summary>
            <param name="state">The state to send to Meetups's OAuth login page.</param>
            <param name="scope">The scope of the application.</param>
            <returns>An authorization URL based on <paramref name="state"/> and <paramref name="scope"/>.</returns>
        </member>
        <member name="M:Skybrud.Social.Meetup.OAuth.MeetupOAuth2Client.GetAccessTokenFromAuthCode(System.String)">
            <summary>
            Exchanges the specified authorization code for an access token.
            </summary>
            <param name="authCode">The authorization code received from the Meetup OAuth dialog.</param>
            <returns>An instance of <see cref="T:Skybrud.Social.Meetup.Responses.Authentication.MeetupTokenResponse"/> representing the response.</returns>
        </member>
        <member name="M:Skybrud.Social.Meetup.OAuth.MeetupOAuth2Client.PrepareHttpRequest(Skybrud.Social.Http.SocialHttpRequest)">
            <summary>
            Makes sure we we update the request with then necessary authentication with either
            <see cref="P:Skybrud.Social.Meetup.OAuth.MeetupOAuth2Client.AccessToken"/> or <see cref="P:Skybrud.Social.Meetup.OAuth.MeetupOAuth2Client.ApiKey"/> is specified.
            </summary>
            <param name="request">The request.</param>
            <see>
                <cref>https://www.meetup.com/meetup_api/auth/#oauth2-resources</cref>
            </see>
        </member>
        <member name="T:Skybrud.Social.Meetup.OAuth.MeetupOAuthClient">
            <summary>
            OAuth 1.0a client for the Meetup.com API.
            </summary>
            <see>
                <cref>https://www.meetup.com/meetup_api/auth/#oauth</cref>
            </see>
        </member>
        <member name="P:Skybrud.Social.Meetup.OAuth.MeetupOAuthClient.Events">
            <summary>
            Gets a reference to the raw <strong>Events</strong> endpoint.
            </summary>
        </member>
        <member name="P:Skybrud.Social.Meetup.OAuth.MeetupOAuthClient.Groups">
            <summary>
            Gets a reference to the raw <strong>Groups</strong> endpoint.
            </summary>
        </member>
        <member name="P:Skybrud.Social.Meetup.OAuth.MeetupOAuthClient.Members">
            <summary>
            Gets a reference to the raw <strong>Members</strong> endpoint.
            </summary>
        </member>
        <member name="M:Skybrud.Social.Meetup.OAuth.MeetupOAuthClient.#ctor">
            <summary>
            Initializes a new instance with default options.
            </summary>
        </member>
        <member name="M:Skybrud.Social.Meetup.OAuth.MeetupOAuthClient.#ctor(System.String,System.String,System.String,System.String)">
            <summary>
            Initializes a new instance based on the <paramref name="consumerKey"/>, <paramref name="consumerSecret"/>,
            <paramref name="token"/> and <paramref name="tokenSecret"/>.
            </summary>
            <param name="consumerKey">The comsumer key of your application.</param>
            <param name="consumerSecret">The consumer secret of your application.</param>
            <param name="token">The access token of the user.</param>
            <param name="tokenSecret">The access token secret of the user.</param>
        </member>
        <member name="M:Skybrud.Social.Meetup.OAuth.MeetupOAuthClient.#ctor(System.String,System.String,System.String,System.String,System.String)">
            <summary>
            Initializes a new instance based on the <paramref name="consumerKey"/>, <paramref name="consumerSecret"/>,
            <paramref name="token"/>, <paramref name="tokenSecret"/> and <paramref name="callback"/>.
            </summary>
            <param name="consumerKey">The comsumer key of your application.</param>
            <param name="consumerSecret">The consumer secret of your application.</param>
            <param name="token">The access token of the user.</param>
            <param name="tokenSecret">The access token secret of the user.</param>
            <param name="callback">The callback URI used for authentication.</param>
        </member>
        <member name="M:Skybrud.Social.Meetup.OAuth.MeetupOAuthClient.GetRequestTokenResponse">
            <returns>An instance of <see cref="T:Skybrud.Social.Http.SocialHttpResponse"/> representing the raw response.</returns>
        </member>
        <member name="M:Skybrud.Social.Meetup.OAuth.MeetupOAuthClient.PrepareHttpRequest(Skybrud.Social.Http.SocialHttpRequest)">
            <summary>
            Updates the request with missing information. For <see cref="T:Skybrud.Social.Meetup.OAuth.MeetupOAuthClient"/> specifically, this means
            that the scheme and host name of the API are prepended to the URL if not already present. 
            </summary>
            <param name="request">The instance of <see cref="T:Skybrud.Social.Http.SocialHttpRequest"/> representing the request.</param>
        </member>
        <member name="T:Skybrud.Social.Meetup.Options.Events.MeetupGetEventsOptions">
            <see>
                <cref>https://www.meetup.com/meetup_api/docs/:urlname/events/#listparams</cref>
            </see>
        </member>
        <member name="P:Skybrud.Social.Meetup.Options.Events.MeetupGetEventsOptions.UrlName">
            <summary>
            Gets or sets the URL name/slug of the parent group.
            </summary>
        </member>
        <member name="P:Skybrud.Social.Meetup.Options.Events.MeetupGetEventsOptions.Page">
            <summary>
            Gets or sets the maximum amount of events to be returned in a page. Must be a value greater than or equal
            to <c>1</c>. Default is <c>200</c>.
            </summary>
        </member>
        <member name="P:Skybrud.Social.Meetup.Options.Events.MeetupGetEventsOptions.Offset">
            <summary>
            Gets or sets the offset.
            </summary>
        </member>
        <member name="M:Skybrud.Social.Meetup.Options.Events.MeetupGetEventsOptions.#ctor">
            <summary>
            Initializes a new instance with default options.
            </summary>
        </member>
        <member name="M:Skybrud.Social.Meetup.Options.Events.MeetupGetEventsOptions.#ctor(System.String)">
            <summary>
            Initializes a new instance based on the specified <paramref name="urlname"/>.
            </summary>
            <param name="urlname">The URL name of the group.</param>
        </member>
        <member name="M:Skybrud.Social.Meetup.Options.Events.MeetupGetEventsOptions.#ctor(System.String,System.Int32)">
            <summary>
            Initializes a new instance based on the specified <paramref name="urlname"/> and <paramref name="page"/>.
            </summary>
            <param name="urlname">The URL name of the group.</param>
            <param name="page">The page to be returned.</param>
        </member>
        <member name="M:Skybrud.Social.Meetup.Options.Events.MeetupGetEventsOptions.#ctor(System.String,System.Int32,System.Int32)">
            <summary>
            Initializes a new instance based on the specified <paramref name="urlname"/>, <paramref name="page"/> and <paramref name="offset"/>.
            </summary>
            <param name="urlname">The URL name of the group.</param>
            <param name="page">The page to be returned.</param>
            <param name="offset">The offset.</param>
        </member>
        <member name="M:Skybrud.Social.Meetup.Options.Events.MeetupGetEventsOptions.GetQueryString">
            <summary>
            Gets an instance of <see cref="T:Skybrud.Social.Interfaces.Http.IHttpQueryString"/> representing the GET parameters.
            </summary>
        </member>
        <member name="T:Skybrud.Social.Meetup.Responses.Authentication.MeetupTokenResponse">
            <summary>
            Class representing a response with information about an access token.
            </summary>
        </member>
        <member name="M:Skybrud.Social.Meetup.Responses.Authentication.MeetupTokenResponse.ParseResponse(Skybrud.Social.Http.SocialHttpResponse)">
            <summary>
            Parses the specified <paramref name="response"/> into an instance of <see cref="T:Skybrud.Social.Meetup.Responses.Authentication.MeetupTokenResponse"/>.
            </summary>
            <param name="response">The instance of <see cref="T:Skybrud.Social.Http.SocialHttpResponse"/> representing the raw response.</param>
            <returns>An instance of <see cref="T:Skybrud.Social.Meetup.Responses.Authentication.MeetupTokenResponse"/> representing the response.</returns>
        </member>
        <member name="T:Skybrud.Social.Meetup.Responses.Events.MeetupGetEventResponse">
            <summary>
            Class representing a response of a call to get information about a <see cref="T:Skybrud.Social.Meetup.Models.Events.MeetupEvent"/>.
            </summary>
        </member>
        <member name="M:Skybrud.Social.Meetup.Responses.Events.MeetupGetEventResponse.ParseResponse(Skybrud.Social.Http.SocialHttpResponse)">
            <summary>
            Parses the specified <paramref name="response"/> into an instance of <see cref="T:Skybrud.Social.Meetup.Responses.Events.MeetupGetEventResponse"/>.
            </summary>
            <param name="response">The instance of <see cref="T:Skybrud.Social.Http.SocialHttpResponse"/> representing the raw response.</param>
            <returns>An instance of <see cref="T:Skybrud.Social.Meetup.Responses.Events.MeetupGetEventResponse"/> representing the response.</returns>
        </member>
        <member name="T:Skybrud.Social.Meetup.Responses.Events.MeetupGetEventsResponse">
            <summary>
            Class representing a response of a call to get a list of <see cref="T:Skybrud.Social.Meetup.Models.Events.MeetupEvent"/>.
            </summary>
        </member>
        <member name="M:Skybrud.Social.Meetup.Responses.Events.MeetupGetEventsResponse.ParseResponse(Skybrud.Social.Http.SocialHttpResponse)">
            <summary>
            Parses the specified <paramref name="response"/> into an instance of <see cref="T:Skybrud.Social.Meetup.Responses.Events.MeetupGetEventsResponse"/>.
            </summary>
            <param name="response">The instance of <see cref="T:Skybrud.Social.Http.SocialHttpResponse"/> representing the raw response.</param>
            <returns>An instance of <see cref="T:Skybrud.Social.Meetup.Responses.Events.MeetupGetEventsResponse"/> representing the response.</returns>
        </member>
        <member name="T:Skybrud.Social.Meetup.Responses.Groups.MeetupGetGroupResponse">
            <summary>
            Class representing a response of a call to get information about a <see cref="T:Skybrud.Social.Meetup.Models.Groups.MeetupGroup"/>.
            </summary>
        </member>
        <member name="M:Skybrud.Social.Meetup.Responses.Groups.MeetupGetGroupResponse.ParseResponse(Skybrud.Social.Http.SocialHttpResponse)">
            <summary>
            Parses the specified <paramref name="response"/> into an instance of <see cref="T:Skybrud.Social.Meetup.Responses.Groups.MeetupGetGroupResponse"/>.
            </summary>
            <param name="response">The instance of <see cref="T:Skybrud.Social.Http.SocialHttpResponse"/> representing the raw response.</param>
            <returns>An instance of <see cref="T:Skybrud.Social.Meetup.Responses.Groups.MeetupGetGroupResponse"/> representing the response.</returns>
        </member>
        <member name="T:Skybrud.Social.Meetup.Responses.MeetupResponse">
            <summary>
            Class representing a response from the Meetup API.
            </summary>
        </member>
        <member name="M:Skybrud.Social.Meetup.Responses.MeetupResponse.#ctor(Skybrud.Social.Http.SocialHttpResponse)">
            <summary>
            Initializes a new instance based on the specified <paramref name="response"/>.
            </summary>
            <param name="response">The instance of <see cref="T:Skybrud.Social.Http.SocialHttpResponse"/> representing the raw response.</param>
        </member>
        <member name="M:Skybrud.Social.Meetup.Responses.MeetupResponse.ValidateResponse(Skybrud.Social.Http.SocialHttpResponse)">
            <summary>
            Validates the specified <paramref name="response"/>.
            </summary>
            <param name="response">The instance of <see cref="T:Skybrud.Social.Http.SocialHttpResponse"/> representing the raw response.</param>
        </member>
        <member name="T:Skybrud.Social.Meetup.Responses.MeetupResponse`1">
            <summary>
            Class representing a response from the Meetup API.
            </summary>
        </member>
        <member name="P:Skybrud.Social.Meetup.Responses.MeetupResponse`1.Body">
            <summary>
            Gets the body of the response.
            </summary>
        </member>
        <member name="M:Skybrud.Social.Meetup.Responses.MeetupResponse`1.#ctor(Skybrud.Social.Http.SocialHttpResponse)">
            <summary>
            Initializes a new instance based on the specified <paramref name="response"/>.
            </summary>
            <param name="response">The instance of <see cref="T:Skybrud.Social.Http.SocialHttpResponse"/> representing the raw response.</param>
        </member>
        <member name="T:Skybrud.Social.Meetup.Responses.Members.MeetupGetMemberResponse">
            <summary>
            Class representing a response of a call to get information about a <see cref="T:Skybrud.Social.Meetup.Models.Members.MeetupMember"/>.
            </summary>
        </member>
        <member name="M:Skybrud.Social.Meetup.Responses.Members.MeetupGetMemberResponse.ParseResponse(Skybrud.Social.Http.SocialHttpResponse)">
            <summary>
            Parses the specified <paramref name="response"/> into an instance of <see cref="T:Skybrud.Social.Meetup.Responses.Members.MeetupGetMemberResponse"/>.
            </summary>
            <param name="response">The instance of <see cref="T:Skybrud.Social.Http.SocialHttpResponse"/> representing the raw response.</param>
            <returns>An instance of <see cref="T:Skybrud.Social.Meetup.Responses.Members.MeetupGetMemberResponse"/> representing the response.</returns>
        </member>
        <member name="T:Skybrud.Social.Meetup.Scopes.MeetupScope">
            <summary>
            Class representing a scope of the Meetup API.
            </summary>
        </member>
        <member name="P:Skybrud.Social.Meetup.Scopes.MeetupScope.Name">
            <summary>
            Gets the name of the scope.
            </summary>
        </member>
        <member name="P:Skybrud.Social.Meetup.Scopes.MeetupScope.Description">
            <summary>
            Gets the description of the scope.
            </summary>
        </member>
        <member name="M:Skybrud.Social.Meetup.Scopes.MeetupScope.#ctor(System.String)">
            <summary>
            Initializes a new scope with the specified <paramref name="name"/>.
            </summary>
            <param name="name">The name of the scope.</param>
        </member>
        <member name="M:Skybrud.Social.Meetup.Scopes.MeetupScope.#ctor(System.String,System.String)">
            <summary>
            Initializes a new scope with the specified <paramref name="name"/> and <paramref name="description"/>.
            </summary>
            <param name="name">The name of the scope.</param>
            <param name="description">The description of the scope.</param>
        </member>
        <member name="M:Skybrud.Social.Meetup.Scopes.MeetupScope.ToString">
            <summary>
            Returns a string representation of the scope.
            </summary>
            <returns>The name of the scope.</returns>
        </member>
        <member name="M:Skybrud.Social.Meetup.Scopes.MeetupScope.RegisterScope(System.String,System.String)">
            <summary>
            Registers a scope in the internal dictionary.
            </summary>
            <param name="name">The name of the scope.</param>
            <param name="description">The description of the scope.</param>
        </member>
        <member name="M:Skybrud.Social.Meetup.Scopes.MeetupScope.GetScope(System.String)">
            <summary>
            Attempts to get a scope with the specified <paramref name="name"/>.
            </summary>
            <param name="name">The name of the scope.</param>
            <returns>Gets a scope matching the specified <paramref name="name"/>, or <c>null</c> if not found.</returns>
        </member>
        <member name="M:Skybrud.Social.Meetup.Scopes.MeetupScope.ScopeExists(System.String)">
            <summary>
            Gets whether the scope is a known scope.
            </summary>
            <param name="name">The name of the scope.</param>
            <returns><c>true</c> if the specified <paramref name="name"/> matches a known scope, otherwise <c>false</c>.</returns>
        </member>
        <member name="M:Skybrud.Social.Meetup.Scopes.MeetupScope.op_Addition(Skybrud.Social.Meetup.Scopes.MeetupScope,Skybrud.Social.Meetup.Scopes.MeetupScope)">
            <summary>
            Adding two instances of <see cref="T:Skybrud.Social.Meetup.Scopes.MeetupScope"/> will result in a <see cref="T:Skybrud.Social.Meetup.Scopes.MeetupScopeCollection"/>
            containing both scopes.
            </summary>
            <param name="left">The left scope.</param>
            <param name="right">The right scope.</param>
        </member>
        <member name="T:Skybrud.Social.Meetup.Scopes.MeetupScopeCollection">
            <summary>
            Class representing a collection of scopes for the Meetup API.
            </summary>
        </member>
        <member name="P:Skybrud.Social.Meetup.Scopes.MeetupScopeCollection.Items">
            <summary>
            Gets an array of all the scopes added to the collection.
            </summary>
        </member>
        <member name="M:Skybrud.Social.Meetup.Scopes.MeetupScopeCollection.#ctor(Skybrud.Social.Meetup.Scopes.MeetupScope[])">
            <summary>
            Initializes a new collection based on the specified <paramref name="array"/> of scopes.
            </summary>
            <param name="array">Array of scopes.</param>
        </member>
        <member name="M:Skybrud.Social.Meetup.Scopes.MeetupScopeCollection.Add(Skybrud.Social.Meetup.Scopes.MeetupScope)">
            <summary>
            Adds the specified <paramref name="scope"/> to the collection.
            </summary>
            <param name="scope">The scope to be added.</param>
        </member>
        <member name="M:Skybrud.Social.Meetup.Scopes.MeetupScopeCollection.ToArray">
            <summary>
            Returns an array of scopes based on the collection.
            </summary>
            <returns>Array of scopes contained in the location.</returns>
        </member>
        <member name="M:Skybrud.Social.Meetup.Scopes.MeetupScopeCollection.ToStringArray">
            <summary>
            Returns an array of strings representing each scope in the collection.
            </summary>
            <returns>Array of strings representing each scope in the collection.</returns>
        </member>
        <member name="M:Skybrud.Social.Meetup.Scopes.MeetupScopeCollection.GetEnumerator">
            <summary>
            Returns an enumerator that iterates through the collection.
            </summary>
            <returns>An instance of <see cref="T:System.Collections.Generic.IEnumerator`1"/>.</returns>
        </member>
        <member name="M:Skybrud.Social.Meetup.Scopes.MeetupScopeCollection.ToString">
            <summary>
            Returns a string representing the scopea added to the collection using a comma as a separator.
            </summary>
            <returns>String of scopes separated by a plus sign.</returns>
        </member>
        <member name="M:Skybrud.Social.Meetup.Scopes.MeetupScopeCollection.op_Implicit(Skybrud.Social.Meetup.Scopes.MeetupScope)~Skybrud.Social.Meetup.Scopes.MeetupScopeCollection">
            <summary>
            Initializes a new collection based on a single <paramref name="scope"/>.
            </summary>
            <param name="scope">The scope the collection should be based on.</param>
            <returns>A new collection based on a single <paramref name="scope"/>.</returns>
        </member>
        <member name="M:Skybrud.Social.Meetup.Scopes.MeetupScopeCollection.op_Implicit(Skybrud.Social.Meetup.Scopes.MeetupScope[])~Skybrud.Social.Meetup.Scopes.MeetupScopeCollection">
            <summary>
            Initializes a new collection based on an <paramref name="array"/> of scopes.
            </summary>
            <param name="array">The array of scopes the collection should be based on.</param>
            <returns>A new collection based on an <paramref name="array"/> of scopes.</returns>
        </member>
        <member name="M:Skybrud.Social.Meetup.Scopes.MeetupScopeCollection.op_Addition(Skybrud.Social.Meetup.Scopes.MeetupScopeCollection,Skybrud.Social.Meetup.Scopes.MeetupScope)">
            <summary>
            Adds support for adding a <paramref name="scope"/> to the <paramref name="collection"/> using the plus operator.
            </summary>
            <param name="collection">The collection to which <paramref name="scope"/> will be added.</param>
            <param name="scope">The scope to be added to the <paramref name="collection"/>.</param>
        </member>
        <member name="T:Skybrud.Social.Meetup.Scopes.MeetupScopes">
            <summary>
            Static class with properties representing scopes of available for the Meetup API.
            </summary>
            <see>
                <cref>https://www.meetup.com/meetup_api/auth/#oauth2-scopes</cref>
            </see>
        </member>
        <member name="F:Skybrud.Social.Meetup.Scopes.MeetupScopes.Basic">
            <summary>
            Granted by default. Gives access to basic Meetup group info and creating and editing Events and RSVP's, posting photos in version 2 API's and below.
            </summary>
        </member>
        <member name="F:Skybrud.Social.Meetup.Scopes.MeetupScopes.Ageless">
            <summary>
            Replaces the <strong>one hour</strong> expiry time from oauth2 tokens with a limit of up to <strong>two weeks</strong>.
            </summary>
        </member>
        <member name="F:Skybrud.Social.Meetup.Scopes.MeetupScopes.EventManagement">
            <summary>
            Allows the authorized application to create and make modifications to events in your Meetup groups on your behalf.
            </summary>
        </member>
        <member name="F:Skybrud.Social.Meetup.Scopes.MeetupScopes.GroupEdit">
            <summary>
            Allows the authorized application to edit the settings of groups you organize on your behalf.
            </summary>
        </member>
        <member name="F:Skybrud.Social.Meetup.Scopes.MeetupScopes.GroupContentEdit">
            <summary>
            Allows the authorized application to create, modify and delete group content on your behalf.
            </summary>
        </member>
        <member name="F:Skybrud.Social.Meetup.Scopes.MeetupScopes.GroupJoin">
            <summary>
            Allows the authorized application to join new Meetup groups on your behalf.
            </summary>
        </member>
        <member name="F:Skybrud.Social.Meetup.Scopes.MeetupScopes.Messaging">
            <summary>
            Enables Member to Member messaging (this is now deprecated).
            </summary>
        </member>
        <member name="F:Skybrud.Social.Meetup.Scopes.MeetupScopes.ProfileEdit">
            <summary>
            Allows the authorized application to edit your profile information on your behalf.
            </summary>
        </member>
        <member name="F:Skybrud.Social.Meetup.Scopes.MeetupScopes.Reporting">
            <summary>
            Allows the authorized application to block and unblock other members and submit abuse reports on your behalf.
            </summary>
        </member>
        <member name="F:Skybrud.Social.Meetup.Scopes.MeetupScopes.Rsvp">
            <summary>
            Allows the authorized application to RSVP you to events on your behalf.
            </summary>
        </member>
    </members>
</doc>
